<?xml version="1.0" encoding="utf-8"?>
<extension type="component" version="2.5" method="upgrade">
 
    <name>COM_AUTOCONTENT</name>
    <!-- The following elements are optional and free of formatting conttraints -->
    <creationDate>Aug 28, 2014</creationDate>
    <author>ZooTemplate.com</author>
    <authorEmail>support@zootemplate.com</authorEmail>
    <authorUrl>http://www.ZooTemplate.com</authorUrl>
    <copyright>ZooTemplate.com</copyright>
    <license>ZooTemplate.com</license>
    <!--  The version string is recorded in the components table -->
    <version>0.5.0</version>
    <!-- The description is optional and defaults to the name -->
    <description>COM_AUTOCONTENT_DESCRIPTION</description>
 
    <!-- Runs on install/uninstall/update; New in 1.6 -->
    <scriptfile>script.php</scriptfile>
 
    <install> <!-- Runs on install -->
        <sql>
            <file driver="mysql" charset="utf8">sql/install.mysql.utf8.sql</file>
        </sql>
    </install>
    <uninstall> <!-- Runs on uninstall -->
        <sql>
            <file driver="mysql" charset="utf8">sql/uninstall.mysql.utf8.sql</file>
        </sql>
    </uninstall>
	 
    <!-- Site Main File Copy Section -->
    <!-- Note the folder attribute: This attribute describes the folder
    to copy FROM in the package to install therefore files copied
    in this section are copied from /site/ in the package -->
    <files folder="site">
        <filename>index.html</filename>		
    </files>
 
    <media destination="com_autocontent" folder="media">
        <filename>index.html</filename>
        <folder>images</folder>
    </media>
 
    <administration>
        <!-- Administration Menu Section -->
        <menu img="../media/com_autocontent/images/tux-16x16.png">COM_AUTOCONTENT_MENU</menu>
        <!-- Administration Main File Copy Section -->
        <!-- Note the folder attribute: This attribute describes the folder
        to copy FROM in the package to install therefore files copied
        in this section are copied from /admin/ in the package -->
        <files folder="admin">
            <!-- Admin Main File Copy Section -->
            <filename>index.html</filename>
            <filename>config.xml</filename>
            <filename>access.xml</filename>
            <filename>autocontent.php</filename>
            <filename>controller.php</filename>
            <!-- SQL files section -->
            <folder>sql</folder>
            <!-- tables files section -->
            <folder>tables</folder>
            <!-- models files section -->
            <folder>models</folder>
            <!-- views files section -->
            <folder>views</folder>
            <!-- controllers files section -->
            <folder>controllers</folder>
            <!-- helpers files section -->
            <folder>helpers</folder>
            <folder>libraries</folder>
            <folder>assets</folder>
        </files>
 
        <languages folder="admin">
            <language tag="en-GB">language/en-GB/en-GB.com_autocontent.ini</language>
            <language tag="en-GB">language/en-GB/en-GB.com_autocontent.sys.ini</language>
        </languages>
    </administration>
 
    <!-- UPDATESERVER DEFINITION -->
    <updateservers>
        <!-- Note: No spaces or linebreaks allowed between the server tags -->
        <server type="extension" priority="1" name="AutoContent Update Site">http://zootemplate.com/</server>
    </updateservers>
 
</extension>